{
    "loss": 0.16292452812194824,
    "accuracy": 0.9422343373298645
}