{
    "loss": 0.1666346788406372,
    "accuracy": 0.9381510615348816
}