{
    "loss": 0.12846459448337555,
    "accuracy": 0.9641926884651184
}