{
    "loss": 0.24373477697372437,
    "accuracy": 0.9019264578819275
}