{
    "loss": 0.13122433423995972,
    "accuracy": 0.9622395634651184
}