{
    "loss": 0.15851525962352753,
    "accuracy": 0.9524739384651184
}