{
    "loss": 0.21536482870578766,
    "accuracy": 0.9377289414405823
}