{
    "loss": 0.18899863958358765,
    "accuracy": 0.93359375
}