{
    "loss": 0.14720936119556427,
    "accuracy": 0.94921875
}